,context-AIC,contribution-AIC,result,impact,directions,limitation,outline-AIC,nc,micro_avg,macro_avg,weighted_avg,samples_avg
roberta+prefix_SEP,0.841648590021692,0.7884057971014493,0.8023088023088023,0.3,0.6966292134831461,0.46464646464646464,0.8181818181818182,0.9059288537549407,0.8327847267939433,0.7022186924372892,0.8284132760748345,0.8331087151841868
roberta+prefix_cont_lr_SEP,0.8893709327548807,0.8674033149171271,0.8646288209606987,0.37037037037037035,0.7843137254901961,0.5849056603773585,0.8732394366197183,0.9385474860335196,0.8823721081785598,0.7715974684404836,0.8813445435118556,0.8872641509433963
roberta+prefix_cont_ll_SEP,0.8949771689497716,0.8380462724935732,0.8532934131736527,0.5384615384615384,0.7640449438202247,0.5050505050505051,0.8529411764705882,0.9340659340659341,0.8744673877417241,0.7726101190607235,0.8717010663454365,0.8772461814914646
deberta+prefix_SEP,0.820627802690583,0.7688442211055276,0.8163884673748103,0.0,0.7228915662650602,0.35789473684210527,0.8484848484848485,0.9150943396226415,0.8319050758075148,0.656278247798197,0.8245417741802251,0.8292677448337825
deberta+prefix_cont_lr_SEP,0.9046563192904656,0.8477157360406091,0.8463768115942029,0.4166666666666667,0.8089887640449438,0.5333333333333333,0.8387096774193549,0.9380952380952381,0.8773983739837399,0.7668178183106018,0.8753701873152298,0.882726864330638
deberta+prefix_cont_ll_SEP,0.9160997732426304,0.8564231738035264,0.8700906344410876,0.45454545454545453,0.813953488372093,0.6078431372549019,0.9041095890410958,0.944487881157154,0.8935336381450033,0.795944141482243,0.8907730774904006,0.897663971248877
scibert+prefix_SEP,0.8571428571428571,0.8021680216802168,0.7994143484626647,0.5384615384615384,0.7311827956989247,0.4380952380952381,0.8055555555555556,0.9206598586017282,0.8419680677745194,0.7365850267123405,0.839858923882854,0.8464734950584007
scibert+prefix_cont_lr_SEP,0.9247787610619469,0.8555858310626703,0.8675400291120815,0.5,0.8041237113402062,0.5360824742268041,0.8493150684931506,0.9424743892829,0.8902677988242979,0.78498753307247,0.8866674351169223,0.894991015274034
scibert+prefix_cont_ll_SEP,0.9292035398230089,0.8688524590163934,0.8626292466765141,0.5161290322580645,0.82,0.5252525252525253,0.88,0.9506656225528582,0.894377640558986,0.7940915531974206,0.8921897572369248,0.8999101527403415
